1,'Terence','Kulas','Terence.Kulas@email.com','2a$04$/JwNnYCs4q3tpxxNJ7Jnm.YAWxkUPpMbvHFx1aQSvPPYWWyxkA7FC'
2,'Arely','Williamson','Arely.Williamson@email.com','2a$04$Zj28MJ7JllW/IuL/8b7m4.YmS8yYibBKNnA4BnHjLX.WMZo/om5je'
3,'Yoshiko','Brekke','Yoshiko.Brekke@email.com','2a$04$PHYTevLCpaSPn3B1a1Gz6OiHiFojD9LMPAiDOhUp.g41ukVWHoxaK'
4,'Leanna','O\'Kon','Leanna.O\'Kon@email.com','2a$04$Tbjn15/FTTmAU2Lw2CjrfOTxUX0/gSqbUtSZ2q8xSJ/qwfSmtl8TG'
5,'Keegan','Halvorson','Keegan.Halvorson@email.com','2a$04$mpQ7.jNUDpgSzAkpBqlCauPw1bDquBV1jAj9apNkSpy1/oTzAiNGC'
6,'Raoul','Rice','Raoul.Rice@email.com','2a$04$qdRyoy1ioYVM1M/wpI4/0OEQYVqZ3gGFmR6Sy99RyG5fWkd.DQYtC'
7,'Jody','Mayert','Jody.Mayert@email.com','2a$04$u1KOWe9MaEltQYkOzgO0uups2QT6fZMUnM5IWMI706vo3rf2nMLre'
8,'Isabelle','Barton','Isabelle.Barton@email.com','2a$04$tVKM4td7jFyqGHx1tpQIh.VrdHiVZyoNy.GgyJchxpe0P/Re4kP42'
9,'Maynard','Wiegand','Maynard.Wiegand@email.com','2a$04$a95ZjT.XRuliNf3ZjX5cn.LxtjmNmd6sKUJnEcQo2IgQPvJMBrg7a'
10,'Maci','Hammes','Maci.Hammes@email.com','2a$04$ZWdU/axw73kxYqHZlQQE..l/d9WKysToIfWjLDKbA4S3MQ1ehIdYy'
11,'Vella','Leannon','Vella.Leannon@email.com','2a$04$P1/N7/6lAsCYJlVsz3I3i.01WdeAoz1P9TpPsvucdA7xD/L0yg9PG'
12,'Shayne','Kris','Shayne.Kris@email.com','2a$04$oK4OOMHIf/Ga3tfBegncWenM1.SGQUZLCCr1B9xK79YJXHyQ7O/Cq'
13,'Michael','Dibbert','Michael.Dibbert@email.com','2a$04$Bao/Q.DWRtRUO2kfJ9VnYuRpsykV2t7g6pHBSt826PsPTQ1SeRQn.'
14,'Angela','Hagenes','Angela.Hagenes@email.com','2a$04$sHMNjq9QpKiV/MLuD2fwt.LbPspi.Knp4fhXGK135CmgnlWbj9L9.'
15,'Melissa','Smith','Melissa.Smith@email.com','2a$04$5RWiLQZPAvVaCil3VGDYXuKi.eoGMmuqUwAt8z597N4erMW5NwD36'
16,'Rosalyn','Bauch','Rosalyn.Bauch@email.com','2a$04$rD1ne0ar.YOTQ9NZobNIwO8kWK3eUmmXKyqnC56O2Jo3ZxXuSWMOe'
17,'Elizabeth','Armstrong','Elizabeth.Armstrong@email.com','2a$04$RWw0SUP8J3UTBP91BzDIUO/HxQsM6GaZXAUvyJEj7OCJEwmNk.Oci'
18,'Friedrich','Gottlieb','Friedrich.Gottlieb@email.com','2a$04$VAvhd1iaPceRkx8mItQAleP7GJwp6n2ppoReX74PCtblQ7D.5aSXm'
19,'Beau','Kunde','Beau.Kunde@email.com','2a$04$wWHXVmZnH2Rzf0iYkylSf.r3hDyKZSK.J2Mo505FUcahhxE1mzJAi'
20,'Lilyan','Romaguera','Lilyan.Romaguera@email.com','2a$04$fAxw6rGKSWKkZaX0CJORfOYzNYXhZA0e3DStSAYIZF4aT7Qtr8EMO'
21,'Leonora','Hilll','Leonora.Hilll@email.com','2a$04$1cDD4/QONF4.r4iLQJ7ytOt7VRS2cUlw4K/T82HopQ/K0wGn/08qy'
22,'Donavon','Windler','Donavon.Windler@email.com','2a$04$rx/OlXEj3oSXhr0ZEpCGKuzZIbkvVRhWtlRyBbwlXepQuI1Xv3Vp.'
23,'Paige','Keebler','Paige.Keebler@email.com','2a$04$uuf2WbWe2jLrs/5KjPNEw.ObRy1X1UOXPY4RaAo1GshhbIteNTxoq'
24,'Adriel','Fahey','Adriel.Fahey@email.com','2a$04$fOrESPwT9A4vcRnN/oGsu.IdpU6McSMcfN7b6N.Q/HFxAtxXmolwC'
25,'Marcus','Larkin','Marcus.Larkin@email.com','2a$04$k06wF9vjvlg2smyrqKjW9eKzHT2M8OsHy1ruw7ZQ0V6CDVmzZEJC2'
26,'Keira','Zemlak','Keira.Zemlak@email.com','2a$04$d.vWZ6rOpCikfLJZA9CLNuxGYXMG03qK76nkZ3OmTwRoAFjTf/uKO'
27,'Derrick','Beer','Derrick.Beer@email.com','2a$04$o.5prC5HzvUQpfm4exwMF.ngk.t6pRhVWuKSmJZ.WIUm6cRjj6eA2'
28,'Austin','Emmerich','Austin.Emmerich@email.com','2a$04$0Uh3yxGmc4qg9Y0iwgaVD.BGho7HJUkIUnhYrw290frARgaD5gfW6'
29,'Loy','Cremin','Loy.Cremin@email.com','2a$04$kZGqw8fWE7.2wiVwwzCFQOJg/F65VYOCxPq9GyNicsrOmI3q6LyM.'
30,'Gilberto','Homenick','Gilberto.Homenick@email.com','2a$04$01soV2fUM0lE7BEerTNdHe1U45CHlVBgyBs4cIxGxOXeYgetU1jCG'
31,'Agustina','Becker','Agustina.Becker@email.com','2a$04$NKGeHwY4PQxq0uHrnkfxpeRCQ1cQ0/SWQH6uUioyjsz18orEaPywG'
32,'Karine','Glover','Karine.Glover@email.com','2a$04$5Z6xrr9tzwo0fjEw3BMpbOgIY5D.X7BnF9v5qvuuQhHGaf1BTq/7u'
33,'Isidro','Emard','Isidro.Emard@email.com','2a$04$IMPiI8KoONzkrzNayutntu2e5q0G6VKfF24FR8LSEoIzBN.lAfyWW'
34,'Josiane','Christiansen','Josiane.Christiansen@email.com','2a$04$3aXoK5J.DvvIHGNzbeQMEuOTxFXKOfPZu0GesRKwxgS2pQPNYlb4y'
35,'Abdiel','Franecki','Abdiel.Franecki@email.com','2a$04$szeXOMaPUYhUmWUo66ReL.R.gYHE9vOgePDCT4iOTAyn6XRnpLYyi'
36,'Jamel','Hagenes','Jamel.Hagenes@email.com','2a$04$wbMeXadc4/MmQL4hAUOQ7.hdVp.YdKsePufUlDOfiCZvpDP4WvoAi'
37,'Anastacio','Harris','Anastacio.Harris@email.com','2a$04$Zr/ts5G4.Jt1VYn0NvLiy.fb5pdt89JXyAWyetQL3homLDHvNQw/y'
38,'Arturo','Stehr','Arturo.Stehr@email.com','2a$04$jq2x9l91arzlENHIsKkMVez6FMaOc1wrJNgp55/tkEalLGk8wm7cK'
39,'Lucio','Tromp','Lucio.Tromp@email.com','2a$04$OQCbPoOfYxQUmMM.ErENpelyVS2BVQlv/tcJNOotW4T7Nz4vJZzye'
40,'Reuben','Walter','Reuben.Walter@email.com','2a$04$TX/GA/R9EYd8Rw3fG66d/.u3n5GnhZG/053SeSJtXOjsTdZf4hPRm'
41,'Danyka','Koelpin','Danyka.Koelpin@email.com','2a$04$J.LuZKyiku4sNf77usdG7e49TzRRwx.nM3DUCoOgVS2OG6rAB/lC6'
42,'Neil','Kshlerin','Neil.Kshlerin@email.com','2a$04$6DQW1Ni9B8Ecp37.hy.QpetK4VhyiiHfiK6mNyB8uMCNmMuxLqV0i'
43,'Mckenna','Gusikowski','Mckenna.Gusikowski@email.com','2a$04$iNGs4x1fCPGozbcvvgfFU.vS63WBsG/gD59kwoMuD39XbNyHaPIZe'
44,'Abigail','Stroman','Abigail.Stroman@email.com','2a$04$plYd66ecOq5HbLEhdWpsS.o/civM5BMFEZPAQnxUEN6.JotFgP6Qa'
45,'Ms.','Katarina','Ms..Katarina@email.com','2a$04$.T5rjSLFBC5WQeZeSYHe/OjZagiy/DHKQbSF59/ZVlTyr7ikGSvQW'
46,'Ellie','Hammes','Ellie.Hammes@email.com','2a$04$zD94FRRItJz4qlS2GrdLB.ITX5x3B72bpeFvp1DXSyNuMtjpbwofG'
47,'Jaclyn','Klocko','Jaclyn.Klocko@email.com','2a$04$pugTTMGXjZv56tqqlCFzveaUxuIf0tVD8C92Cy04CgntYdNsAyjeS'
48,'Greta','Kertzmann','Greta.Kertzmann@email.com','2a$04$IwitQ/jZnQlXW4noiEiHY.0zhS/7Vsy1RgpYYkis29y9AHD6NaTLO'
49,'Isac','Schaden','Isac.Schaden@email.com','2a$04$L56CNaZiQNora0AB2SI.peU6WkUZrL1BAMWB7a1Fsv4cYOGVNiA9C'
50,'Marielle','Von','Marielle.Von@email.com','2a$04$.SWJ4Jg5ih9K30jnEBYsHeRzSSUAho9sqW8bNViiGWeIxReD.vCx.';
